,dataset_name,target_col,reverse,alg_name,CV R2 val,CV RMSE val,CV MAE val,FCV R2 val,FCV R val,FCV RMSE val,FCV MAE val,FCV DP val,FH R2 val,FH R val,FH RMSE val,FH MAE val,FH DP val,R2 test,R test,RMSE test,MAE test,DP test,rank_R2_test,rank_RMSE_test,rank_MAE_test,rank_DP_test,rank_CV_R2_val,rank_CV_RMSE_val,rank_CV_MAE_val,rank_FCV_R2_val,rank_FCV_RMSE_val,rank_FCV_MAE_val,rank_FCV_DP_val,rank_FH_R2_val,rank_FH_RMSE_val,rank_FH_MAE_val,rank_FH_DP_val
0,steel_strength,tensile strength,True,Ridge,0.5752902541502977,0.6516975877273924,0.47703309766725277,-27.280203857177188,0.8511888352608734,0.9662644202033083,0.8522913052859092,0.6071428571428572,-273.63261385605267,0.2263983234518353,0.9524930442149102,0.7913161323288662,0.4642857142857143,-54.02110613155319,0.41492155958566534,1.3133530721490803,1.1422924726034898,0.4838709677419355,9.0,1.0,1.0,7.0,8.0,2.0,1.0,9.0,2.0,1.0,1.0,9.0,1.0,1.0,8.0
1,steel_strength,tensile strength,True,LinearRegression,0.5830189866273501,0.6457406703721316,0.45965811207796875,-5.111735932259969,0.6927251413713003,0.981055875763492,0.7888927638244906,0.5446428571428571,-203.31920725797394,0.23404691056767782,0.8215620219631175,0.571807945847114,0.5714285714285714,-38.21189032153971,0.4460618990498011,1.1087298124795306,0.9221052122841696,0.5483870967741935,7.0,3.0,3.0,6.0,7.0,3.0,3.0,1.0,1.0,5.0,6.0,6.0,4.0,6.0,7.0
2,steel_strength,tensile strength,True,LinearSVR,0.5623326366295878,0.6615643304852614,0.4714836367287283,-17.415344501015007,0.8282145102749102,0.9460198870353254,0.8216009678610957,0.6071428571428572,-258.8229088508477,0.22561314374799635,0.9264553166506302,0.7533282615696875,0.42857142857142855,-47.84586765135318,0.4034859633276686,1.2374588043650019,1.0524479014415986,0.3870967741935484,8.0,2.0,2.0,9.0,9.0,1.0,2.0,8.0,5.0,2.0,2.0,8.0,2.0,2.0,9.0
3,steel_strength,tensile strength,True,GradientBoosting,0.774139633057178,0.4752476900973028,0.32046005627680874,-9.975735882291236,0.7663697416480844,0.9288754811518491,0.7572728709627713,0.5625,-168.52468419401782,0.22928835313732077,0.7483456346925711,0.5917967595526052,0.6071428571428571,-16.393276090493487,0.22274709524025088,0.7384269374134403,0.6773455807610784,0.6129032258064516,2.0,8.0,6.0,4.0,2.0,8.0,8.0,3.0,7.0,7.0,4.0,4.0,6.0,5.0,5.0
4,steel_strength,tensile strength,True,ExtraTrees,0.8086112482049195,0.4374800015944507,0.30167331169304956,-10.912617524495097,0.7872374886777923,0.9003427078077939,0.7372120422150531,0.5446428571428572,-119.35888894265071,0.26180102760782725,0.6305577134225052,0.526065748162017,0.6785714285714286,-12.246552011249229,0.19356897840053716,0.6444188866940034,0.5834047079805943,0.6774193548387096,1.0,9.0,9.0,1.0,1.0,9.0,9.0,4.0,9.0,9.0,5.0,1.0,9.0,8.0,1.0
5,steel_strength,tensile strength,True,RandomForest,0.7723611723975037,0.47711510938398954,0.3232127228397355,-16.753272408731245,0.7743043746679528,0.9513655432432339,0.7900343366768559,0.5357142857142857,-149.91378407326576,0.2574671604427283,0.7060739877742582,0.5662587746220253,0.6428571428571429,-16.535124448580635,0.310528653032443,0.7414318905064252,0.6680109299772791,0.6774193548387096,3.0,7.0,7.0,2.0,3.0,7.0,7.0,7.0,4.0,4.0,7.0,3.0,7.0,7.0,3.0
6,steel_strength,tensile strength,True,KNeighbors,0.7514846841921327,0.49851310495098056,0.33555228205047544,-13.730551252710695,0.7797637001404865,0.9399892009142273,0.7778426424771817,0.5175438596491228,-191.64266189656573,0.15013752801209768,0.7977411463972001,0.593929616013234,0.6785714285714286,-23.86257551813886,0.17475882549159888,0.8828560417052831,0.7870224323188555,0.6774193548387096,5.0,5.0,5.0,3.0,4.0,6.0,6.0,6.0,6.0,6.0,8.0,5.0,5.0,4.0,2.0
7,steel_strength,tensile strength,True,DecisionTree,0.6400375664294242,0.5999686938254161,0.37934732098428803,-7.879075557346648,0.7761720490837496,0.9630920430701201,0.7967831881491375,0.49122807017543857,-123.8180195821063,0.2759014165635387,0.6421321306335559,0.48837044327472706,0.6428571428571429,-18.720268301542664,0.3452066338732801,0.7862727879282309,0.6345941149243861,0.5625,4.0,6.0,8.0,5.0,6.0,4.0,5.0,2.0,3.0,3.0,9.0,2.0,8.0,9.0,4.0
8,steel_strength,tensile strength,True,RbfSVR,0.6799802925205454,0.5657028437965065,0.40661225933793366,-11.71422410818945,0.7923508246485682,0.9130733485028528,0.7568402456450303,0.5982142857142857,-228.15523848552203,0.1659140226053965,0.870062903993678,0.7413384936330345,0.6071428571428571,-25.246171114538598,0.3320217554189246,0.9070888189362497,0.7957017186880659,0.4838709677419355,6.0,4.0,4.0,8.0,5.0,5.0,4.0,5.0,8.0,8.0,3.0,7.0,3.0,3.0,6.0
0,steel_strength,tensile strength,False,Ridge,0.5719452572854566,0.6542589263545002,0.485944409908672,-4.465722999912555,0.8320869492076289,0.9236406811047302,0.8187190197260249,0.5714285714285714,-273.632613856053,0.22639832345183541,0.9524930442149108,0.7913161323288669,0.39285714285714285,-54.02110613155319,0.41492155958566523,1.3133530721490803,1.1422924726034904,0.3548387096774194,9.0,1.0,1.0,5.0,8.0,2.0,1.0,6.0,6.0,2.0,5.0,9.0,1.0,1.0,8.0
1,steel_strength,tensile strength,False,LinearRegression,0.5957572666555409,0.6358008598173325,0.45595031946094056,-0.8999274925093004,0.6266036544178186,1.082068068299957,0.7639601865509145,0.5982142857142857,-203.31920725773557,0.23404691056702906,0.8215620219626382,0.5718079458447923,0.42857142857142855,-38.211890321453744,0.44606189904941695,1.1087298124783154,0.9221052122802982,0.45161290322580644,7.0,3.0,3.0,1.0,7.0,3.0,3.0,1.0,1.0,6.0,2.0,6.0,4.0,6.0,3.0
2,steel_strength,tensile strength,False,LinearSVR,0.5614953389682174,0.6621968446253597,0.46880411729928373,-3.907494222855273,0.7971661492369945,0.9252895032291802,0.801629515702804,0.5535714285714286,-259.1230797359024,0.22591732687205618,0.926990324590975,0.7535465384531113,0.42857142857142855,-47.881186557134065,0.4034276854255363,1.2379061072313824,1.0525993028246328,0.45161290322580644,8.0,2.0,2.0,2.0,9.0,1.0,2.0,5.0,5.0,3.0,7.0,8.0,2.0,2.0,4.0
3,steel_strength,tensile strength,False,GradientBoosting,0.7749270458862747,0.4744185431807291,0.3125415475768946,-3.1434278998370786,0.753618882738676,0.9201780541492267,0.7502382840457792,0.5267857142857143,-170.04595901761607,0.23248846703381598,0.7516958746662917,0.5924663302723593,0.42857142857142855,-16.09608453997422,0.21651920279641373,0.7320911622812082,0.6701551725151335,0.25806451612903225,2.0,8.0,7.0,8.0,3.0,7.0,7.0,4.0,7.0,7.0,9.0,4.0,6.0,5.0,5.0
4,steel_strength,tensile strength,False,ExtraTrees,0.8208562510770747,0.423253764215896,0.2845215362151143,-5.043485307261742,0.7898852375676985,0.8870999972747324,0.7438311711569557,0.5357142857142858,-119.63367487060836,0.26683781615062785,0.6312771019336676,0.5193686522825285,0.4642857142857143,-12.922976929344689,0.18327464131050114,0.6606674152454304,0.5993708878352774,0.3548387096774194,1.0,9.0,9.0,6.0,1.0,9.0,9.0,8.0,9.0,8.0,8.0,1.0,9.0,8.0,2.0
5,steel_strength,tensile strength,False,RandomForest,0.7910755614623995,0.4570825292412744,0.3122362109301238,-4.6158138608302774,0.776794905113045,0.9146206190835259,0.7657249821235897,0.5892857142857143,-140.63204079630796,0.26128001031579784,0.6840163994308199,0.564046014562366,0.42857142857142855,-18.574010773566155,0.3480153019633005,0.7833516224730517,0.7058615285420129,0.3225806451612903,3.0,7.0,6.0,7.0,2.0,8.0,8.0,7.0,8.0,5.0,3.0,3.0,7.0,7.0,6.0
6,steel_strength,tensile strength,False,KNeighbors,0.7567757713543755,0.4931776846590127,0.3266926352344814,-3.129563085261957,0.6849434172597614,1.0740394833733402,0.8787101790676897,0.581056466302368,-191.64266189656573,0.15013752801209773,0.7977411463972001,0.593929616013234,0.6071428571428571,-23.86257551813886,0.17475882549159885,0.8828560417052831,0.7870224323188556,0.25806451612903225,5.0,5.0,5.0,9.0,4.0,6.0,6.0,3.0,2.0,1.0,4.0,5.0,5.0,4.0,1.0
7,steel_strength,tensile strength,False,DecisionTree,0.6896425576982133,0.5570973364698371,0.3784244641882741,-1.9765227991275423,0.7037584701222728,0.9638329087543714,0.731477191764734,0.6160714285714286,-123.1975477706423,0.23048116884995076,0.6405341191211882,0.46678986204772105,0.42857142857142855,-19.74574857135356,0.3680555438353324,0.806457324815371,0.6388922267294823,0.36363636363636365,4.0,6.0,8.0,4.0,5.0,5.0,5.0,2.0,3.0,9.0,1.0,2.0,8.0,9.0,7.0
8,steel_strength,tensile strength,False,RbfSVR,0.6454205742695631,0.595465721709014,0.4235259212595951,-5.484886305049256,0.7719724947054367,0.9360863268624557,0.7957426275668542,0.5714285714285714,-228.22992215433888,0.16607290697147703,0.8702046729462877,0.7415577684433291,0.32142857142857145,-25.239697662870284,0.3322276788548646,0.9069769481852761,0.7955620758914511,0.41935483870967744,6.0,4.0,4.0,3.0,6.0,4.0,4.0,9.0,4.0,4.0,6.0,7.0,3.0,3.0,9.0
0,brgoch_superhard_training,shear_modulus,True,Ridge,0.5679979461132934,0.6572686314488975,0.47137402454404814,-36.38664852174178,0.8828726113209922,0.9399037791616529,0.7591156196558345,0.5885529157667386,-140.4900119019657,0.0038260677568615325,0.6767594112961419,0.5086705946297925,0.6077586206896551,-98.83479903939669,0.331568670480948,0.8645392172871784,0.6709067743357553,0.603112840466926,8.0,2.0,1.0,7.0,7.0,3.0,2.0,7.0,3.0,1.0,5.0,8.0,2.0,2.0,8.0
1,brgoch_superhard_training,shear_modulus,True,LinearRegression,0.561468999484575,0.6622167322828871,0.4736828955596539,-31.957013843435398,0.8791184420814429,0.9332794817273642,0.7512723543554041,0.593952483801296,-142.9754149639269,0.008650908490270944,0.6826774881395933,0.5103229791490793,0.6120689655172413,-100.73971489484555,0.3384544888934981,0.8727482419606547,0.669199470119809,0.5992217898832685,9.0,1.0,2.0,8.0,8.0,2.0,1.0,5.0,4.0,2.0,2.0,9.0,1.0,1.0,6.0
2,brgoch_superhard_training,shear_modulus,True,LinearSVR,0.5596799159295069,0.6635661866539713,0.46714281857943546,-22.463565595786726,0.8751767488206383,0.9139842187248007,0.7322392530802316,0.5907127429805615,-118.51397214955846,0.011003019955940713,0.6219862052797254,0.4634290185732895,0.5905172413793104,-79.70743723643906,0.3528932587939256,0.7773211831721686,0.6023401731641118,0.5797665369649806,7.0,3.0,3.0,9.0,9.0,1.0,3.0,3.0,5.0,4.0,3.0,7.0,3.0,3.0,9.0
3,brgoch_superhard_training,shear_modulus,True,GradientBoosting,0.7423731946736041,0.5075695078768975,0.3436015136050954,-41.4046110624001,0.8711506626411285,0.8924147612176674,0.7036046748959546,0.5890230505697476,-79.09734566036242,-0.07964506266667026,0.5091907135542424,0.3953184676762304,0.7025862068965517,-39.36676535863935,0.25405697239293895,0.5497379259837895,0.4838290327989066,0.7120622568093385,4.0,6.0,5.0,3.0,3.0,7.0,7.0,8.0,8.0,7.0,4.0,4.0,6.0,5.0,2.0
4,brgoch_superhard_training,shear_modulus,True,ExtraTrees,0.7749269560851033,0.4744186378241233,0.29785211306734977,-36.08551432594042,0.8462751787666878,0.9032536140994329,0.69892188142436,0.4557235421166307,-69.93885829395855,-0.060082237809746857,0.47919635913094866,0.3736910592749753,0.7370689655172413,-33.662879620107276,0.024373294765754398,0.5094200615398604,0.44942409366977815,0.7237354085603113,1.0,9.0,8.0,1.0,2.0,8.0,9.0,6.0,7.0,8.0,9.0,1.0,9.0,8.0,1.0
5,brgoch_superhard_training,shear_modulus,True,RandomForest,0.7881620193306316,0.4602586019504345,0.30930774548904977,-50.993947613826165,0.8600369354768548,0.9037960992125361,0.7061965812808612,0.5161987041036717,-71.32372126969538,-0.07963747136418037,0.4838511685955236,0.38701849298096724,0.7025862068965517,-37.12255865715685,0.11469005695338048,0.5342379622512894,0.4749583661825063,0.7237354085603113,3.0,7.0,6.0,2.0,1.0,9.0,8.0,9.0,6.0,5.0,7.0,2.0,8.0,6.0,3.0
6,brgoch_superhard_training,shear_modulus,True,KNeighbors,0.6975839674465872,0.5499236606597435,0.3603492570164994,-24.954388315662307,0.8148525678399097,0.955628347851545,0.7431770915883786,0.5345572354211663,-116.71543650636362,-0.09042262606615589,0.6172884074726764,0.4438114055067603,0.6422413793103449,-52.74781772727469,0.2905742246069177,0.6343429862590317,0.523434907260954,0.6614785992217899,6.0,4.0,4.0,5.0,5.0,5.0,5.0,4.0,1.0,3.0,6.0,6.0,4.0,4.0,5.0
7,brgoch_superhard_training,shear_modulus,True,DecisionTree,0.6134622823060556,0.6217215757024558,0.4151707951301313,-8.879875078848759,0.754091317754322,0.9439112730399778,0.7054217579561931,0.49194702109003646,-96.06263845193044,-0.09710384503852523,0.5605281896512486,0.36531754804586386,0.6120689655172413,-50.27456272608968,0.058461762743961,0.6195761721771668,0.4705142107806143,0.6147859922178989,5.0,5.0,7.0,6.0,6.0,4.0,4.0,1.0,2.0,6.0,8.0,5.0,5.0,9.0,7.0
8,brgoch_superhard_training,shear_modulus,True,RbfSVR,0.7055537034242514,0.5426290598334635,0.35663937841297116,-21.559321260364925,0.8503864092884235,0.8746499509284267,0.683372592089704,0.6051798614731512,-78.67043891884904,-0.05199105402638903,0.5078319458724199,0.37762588466898434,0.6767241379310345,-34.976075237089056,0.2670564374698243,0.518979993086078,0.43490061819692155,0.6731517509727627,2.0,8.0,9.0,4.0,4.0,6.0,6.0,2.0,9.0,9.0,1.0,3.0,7.0,7.0,4.0
0,brgoch_superhard_training,shear_modulus,False,Ridge,0.5698968433711624,0.6558225039054679,0.47066130384941657,-1.4410661808497223,0.7593001846022392,0.7519345790355093,0.6151263416958324,0.6274298056155507,-140.4900119019657,0.0038260677568615325,0.6767594112961419,0.5086705946297925,0.4482758620689655,-98.83479903939669,0.331568670480948,0.8645392172871784,0.6709067743357553,0.41245136186770426,8.0,2.0,1.0,7.0,7.0,3.0,2.0,2.0,3.0,3.0,5.0,8.0,2.0,2.0,8.0
1,brgoch_superhard_training,shear_modulus,False,LinearRegression,0.5628239598414888,0.6611928917936968,0.47526604909910586,-0.9683332983472472,0.73119174724357,0.7541286516716291,0.6081219936545348,0.6349892008639308,-142.9754149639269,0.008650908490270944,0.6826774881395933,0.5103229791490793,0.4525862068965517,-100.73971489484555,0.3384544888934981,0.8727482419606547,0.669199470119809,0.3968871595330739,9.0,1.0,2.0,9.0,8.0,2.0,1.0,1.0,2.0,5.0,4.0,9.0,1.0,1.0,7.0
2,brgoch_superhard_training,shear_modulus,False,LinearSVR,0.5573674009694742,0.6653063948516696,0.46737744375852736,-1.8713307814330409,0.8061810830656613,0.6909356546246669,0.5737514401755479,0.6490280777537797,-118.50599666615054,0.011033592527112569,0.6219654515413429,0.4635418447748243,0.45689655172413796,-79.6747035632753,0.3534268773861024,0.7771635325334635,0.6020904352032123,0.42023346303501946,7.0,3.0,3.0,6.0,9.0,1.0,3.0,3.0,6.0,8.0,3.0,7.0,3.0,3.0,6.0
3,brgoch_superhard_training,shear_modulus,False,GradientBoosting,0.7293882060258102,0.5202036081902833,0.3503062823797178,-3.839349858759154,0.8620035511549433,0.679903924497199,0.5861514255184755,0.6673866090712743,-79.45774172714755,-0.08111513840966979,0.5103349734977267,0.3960663975617106,0.5086206896551724,-39.53925782971041,0.25033227099690863,0.5509112249551755,0.4849763959089609,0.42412451361867703,4.0,6.0,5.0,5.0,3.0,7.0,7.0,6.0,8.0,7.0,1.0,4.0,6.0,5.0,2.0
4,brgoch_superhard_training,shear_modulus,False,ExtraTrees,0.7871670532378308,0.46133821298714156,0.2928019479937217,-4.381705679165455,0.8729120427224524,0.6862099832031554,0.5998672562443096,0.5075431034482759,-70.62948816969057,-0.06144729913295481,0.48152333293168254,0.3729670244372453,0.49137931034482757,-31.698275926215175,0.06153925240733204,0.49477318198282483,0.4394029903019475,0.41245136186770426,1.0,9.0,8.0,8.0,2.0,8.0,9.0,7.0,7.0,6.0,9.0,1.0,9.0,8.0,4.0
5,brgoch_superhard_training,shear_modulus,False,RandomForest,0.7905239167577163,0.45768557246463837,0.30573149000983324,-5.522219923501668,0.881031281421035,0.7035639485490551,0.6253268852365088,0.5723542116630669,-71.00463040750802,-0.08914547283842811,0.4827826176780787,0.3857390987362152,0.5086206896551724,-38.414951004785614,0.13212719777786078,0.5432180848125656,0.4825513640238691,0.45136186770428016,3.0,7.0,6.0,3.0,1.0,9.0,8.0,9.0,5.0,2.0,7.0,2.0,8.0,6.0,3.0
6,brgoch_superhard_training,shear_modulus,False,KNeighbors,0.6861473683465552,0.5602255185668042,0.36255225794270257,-5.192386487278357,0.865242908635582,0.7244356025819024,0.6429208742496916,0.5866379310344827,-116.71543650636362,-0.09042262606615589,0.6172884074726764,0.4438114055067603,0.47844827586206895,-52.74781772727469,0.2905742246069177,0.6343429862590317,0.523434907260954,0.4591439688715953,6.0,4.0,4.0,2.0,5.0,5.0,5.0,8.0,4.0,1.0,6.0,6.0,4.0,4.0,5.0
7,brgoch_superhard_training,shear_modulus,False,DecisionTree,0.5743627837538193,0.6524087800192305,0.4232915545010186,-2.1232914596311234,0.7870923054872203,0.7685574515337827,0.6114718723264796,0.5463362068965517,-103.20068333221124,-0.07216499877196005,0.5807733717579793,0.3724767424931785,0.4297872340425532,-48.27855071677695,0.057448002310973176,0.6073970633936628,0.4724849998615725,0.437984496124031,5.0,5.0,7.0,4.0,6.0,4.0,4.0,4.0,1.0,4.0,8.0,5.0,5.0,9.0,9.0
8,brgoch_superhard_training,shear_modulus,False,RbfSVR,0.7122214613403066,0.5364499404974274,0.35556481598884293,-3.144343934879743,0.8712740738656168,0.6432387180505876,0.5551231370320433,0.660208907425337,-78.66138799043405,-0.052049689653921226,0.5078030990303516,0.3776258729315528,0.5431034482758621,-34.95882453524485,0.267133419590464,0.5188555514599943,0.4347504675019268,0.490272373540856,2.0,8.0,9.0,1.0,4.0,6.0,6.0,5.0,9.0,9.0,2.0,3.0,7.0,7.0,1.0
0,double_perovskites_gap,gap gllbsc,True,Ridge,0.4132201883804947,0.7660155426748894,0.6244746453247203,-36.077388401416044,0.9228422235193808,1.0990070231281364,1.0330512875878022,0.537017670393076,-219.06449833934147,-0.1936981053613727,1.3543214685548333,1.2417339249806278,0.5726495726495726,-17.038488066432294,0.1215070126670411,1.2003666169943614,1.0249865047334024,0.5725190839694656,2.0,8.0,8.0,7.0,8.0,2.0,1.0,9.0,2.0,1.0,1.0,6.0,4.0,3.0,7.0
1,double_perovskites_gap,gap gllbsc,True,LinearRegression,0.4267962916554541,0.7571021782722237,0.6138064730487581,-22.535689775213427,0.8880992248613849,1.083258374038638,1.0051045569107706,0.4957446808510638,-218.44138309184947,-0.21637307926108554,1.3524027206701528,1.2339946978562442,0.5042735042735043,-16.49219451674042,0.1316878946733973,1.1820503917325287,1.0154855081277363,0.4621212121212121,1.0,9.0,9.0,9.0,7.0,3.0,3.0,8.0,3.0,2.0,4.0,5.0,5.0,4.0,9.0
2,double_perovskites_gap,gap gllbsc,True,LinearSVR,0.40199244879324925,0.7733094795790045,0.6194695762898719,-19.79818564938902,0.9127551236294026,1.0157025379048468,0.9489469848953055,0.5085106382978724,-230.19827606627632,-0.18790044262330477,1.3881585282816178,1.2607852739018068,0.5169491525423728,-19.599364869810763,0.12121125210667658,1.282746260540497,1.095893726152695,0.5419847328244275,6.0,4.0,6.0,8.0,9.0,1.0,2.0,7.0,9.0,8.0,3.0,8.0,2.0,2.0,8.0
3,double_perovskites_gap,gap gllbsc,True,GradientBoosting,0.6096396701047095,0.6247882280383413,0.4921463846576415,-12.27732212776245,0.8758203635857175,1.0324733974103548,0.9543484930004836,0.4942785624888253,-182.04502303201127,-0.19074063141481254,1.2351671485863023,1.1435344216153376,0.7521367521367521,-17.994012072407706,0.11379166427543967,1.2317489395017303,1.1354585266934552,0.7633587786259542,3.0,7.0,4.0,4.0,4.0,6.0,5.0,6.0,8.0,6.0,5.0,2.0,8.0,8.0,4.0
4,double_perovskites_gap,gap gllbsc,True,ExtraTrees,0.6257487814804787,0.6117607526799356,0.3850790084950699,-4.726335984146582,0.7377098810022277,1.0794205148276281,0.9291154891048892,0.4035250631085467,-177.2543337940355,-0.18571190906737892,1.2188964678670318,1.0576629034336529,0.7692307692307693,-18.323629693378226,0.13137105382900538,1.242390710172868,1.08346043473631,0.7709923664122137,4.0,6.0,7.0,3.0,2.0,8.0,9.0,2.0,4.0,9.0,9.0,1.0,9.0,9.0,1.0
5,double_perovskites_gap,gap gllbsc,True,RandomForest,0.6383568199196298,0.6013677577658867,0.4169934781016986,-7.010946734670384,0.7962239361111549,1.0772279969784264,0.9610701422629326,0.41702127659574467,-203.97023050955278,-0.10113818314694797,1.3070498891533917,1.1913015526342374,0.7606837606837606,-19.464029893978147,0.10733940432746537,1.2785255841148093,1.1622030946347395,0.7938931297709924,5.0,5.0,3.0,1.0,1.0,9.0,8.0,4.0,5.0,4.0,8.0,3.0,7.0,6.0,2.0
6,double_perovskites_gap,gap gllbsc,True,KNeighbors,0.6237368737451859,0.6134029069500845,0.45025950875552534,-6.758294274503237,0.8075883228662512,1.0765566300063827,0.9665081598556459,0.44148936170212766,-213.74489597894984,-0.12739057022936817,1.3378523783321552,1.2005937465076664,0.7606837606837606,-21.528047765740553,0.06774585079122661,1.3414534950416876,1.1786534758143834,0.7862595419847328,8.0,2.0,2.0,2.0,3.0,7.0,7.0,3.0,6.0,3.0,7.0,4.0,6.0,5.0,3.0
7,double_perovskites_gap,gap gllbsc,True,DecisionTree,0.42696237283574745,0.756992488182183,0.45548570122040705,-3.521669704791888,0.6897666229282295,1.1364755007646343,0.9567370263182636,0.4627389109267941,-228.68453434995294,-0.08317890688165218,1.3836066684305088,1.1484971473545016,0.7435897435897436,-20.364667138741574,0.08373991062538097,1.3063570929212616,1.1201291932784632,0.7251908396946565,7.0,3.0,5.0,5.0,6.0,4.0,6.0,1.0,1.0,5.0,6.0,7.0,3.0,7.0,5.0
8,double_perovskites_gap,gap gllbsc,True,RbfSVR,0.46168765777700504,0.7336977185619394,0.5701283463746589,-12.066602403930478,0.8723988786848214,1.0327023258053707,0.9504915883827287,0.5203200429107814,-248.35902200924943,-0.19042555913027395,1.4416482622881155,1.331938771230357,0.6324786324786325,-21.677195455298495,0.15165673227253787,1.3458867382793764,1.2514877091341714,0.5877862595419847,9.0,1.0,1.0,6.0,5.0,5.0,4.0,5.0,7.0,7.0,2.0,9.0,1.0,1.0,6.0
0,double_perovskites_gap,gap gllbsc,False,Ridge,0.40833711299218,0.7691962603964089,0.62730446738051,-3.5828664145816442,0.7297186340102528,0.9983543533733545,0.8641307867408196,0.5340425531914894,-219.06449833934147,-0.1936981053613727,1.3543214685548333,1.2417339249806278,0.3076923076923077,-17.038488066432294,0.1215070126670411,1.2003666169943614,1.0249865047334024,0.4961832061068702,2.0,8.0,8.0,2.0,8.0,2.0,1.0,2.0,4.0,5.0,4.0,6.0,4.0,3.0,1.0
1,double_perovskites_gap,gap gllbsc,False,LinearRegression,0.423639298781329,0.7591842340424826,0.6143826134900708,-3.972682820446346,0.709409492413078,0.9983229724945539,0.8677948082952378,0.5255319148936171,-218.44138309184947,-0.21637307926108554,1.3524027206701528,1.2339946978562442,0.3076923076923077,-16.49219451674042,0.1316878946733973,1.1820503917325287,1.0154855081277363,0.48091603053435117,1.0,9.0,9.0,4.0,6.0,4.0,3.0,5.0,5.0,4.0,5.0,5.0,5.0,4.0,2.0
2,double_perovskites_gap,gap gllbsc,False,LinearSVR,0.4046579147305457,0.7715841401101077,0.616669601401371,-3.617160415529875,0.7201591906592167,1.0155141755496986,0.8808600818386929,0.5433104940497655,-230.20971847954084,-0.18780505168569053,1.3881928790719913,1.2609700608882963,0.2905982905982906,-19.60632207193214,0.12107173505735819,1.2829628587624862,1.0959056227473574,0.48854961832061067,7.0,3.0,5.0,3.0,9.0,1.0,2.0,3.0,2.0,3.0,2.0,7.0,3.0,2.0,5.0
3,double_perovskites_gap,gap gllbsc,False,GradientBoosting,0.5964375233184032,0.6352656740936006,0.4994007926343514,-5.8980317739986035,0.7933540870965442,0.9555666055072124,0.8463772231884762,0.5455463777444038,-181.9649999756003,-0.1885399419082048,1.2348971257963448,1.1440591959909083,0.28205128205128205,-18.022052261762358,0.11250806994208896,1.232657797930046,1.1359077869577991,0.4580152671755725,4.0,6.0,4.0,5.0,4.0,6.0,5.0,9.0,9.0,7.0,1.0,2.0,8.0,8.0,6.0
4,double_perovskites_gap,gap gllbsc,False,ExtraTrees,0.6138941578120134,0.6213741563566887,0.38780576579515647,-3.846012078072196,0.7403250087074384,0.9727404875560303,0.8333364464539169,0.45641904075009015,-179.25463815561508,-0.18804207242067747,1.2257163917825447,1.0623725262143495,0.27350427350427353,-17.839700316835593,0.12666130297863337,1.226735228688342,1.0666745278452705,0.2595419847328244,3.0,7.0,7.0,8.0,2.0,8.0,9.0,4.0,8.0,8.0,9.0,1.0,9.0,9.0,7.0
5,double_perovskites_gap,gap gllbsc,False,RandomForest,0.6375940400485933,0.6020016278644159,0.416028439816448,-4.733893186605936,0.7609015729735993,0.9794165442231326,0.8546972385966356,0.4966462315182113,-202.58931550921923,-0.11276745606396692,1.3026395533467865,1.18354433660997,0.27350427350427353,-19.254462615113436,0.11306218169556846,1.2719621986468075,1.1482874256448294,0.32061068702290074,6.0,4.0,3.0,7.0,1.0,9.0,8.0,6.0,7.0,6.0,7.0,3.0,7.0,6.0,8.0
6,double_perovskites_gap,gap gllbsc,False,KNeighbors,0.6111157395696385,0.6236058534285591,0.45454816762414163,-4.802362878161439,0.7477663974100393,1.021343225672478,0.8964605146273451,0.47446808510638294,-213.74489597894984,-0.12739057022936817,1.3378523783321552,1.2005937465076664,0.3076923076923077,-21.528047765740553,0.06774585079122661,1.3414534950416876,1.1786534758143834,0.4090909090909091,8.0,2.0,2.0,6.0,3.0,7.0,7.0,7.0,1.0,1.0,8.0,4.0,6.0,5.0,3.0
7,double_perovskites_gap,gap gllbsc,False,DecisionTree,0.41461939635954315,0.7651016949663991,0.462179646902673,-2.8342354536242116,0.7058306338943701,0.9910333031268826,0.8195827139562029,0.5180129823296069,-241.9604605896869,-0.08780052861318295,1.4230316877151834,1.1800184776599778,0.2966101694915254,-18.890238392134435,0.15109530204074637,1.2604738389494194,1.0946989275055354,0.21374045801526717,5.0,5.0,6.0,9.0,7.0,3.0,6.0,1.0,6.0,9.0,6.0,8.0,2.0,7.0,4.0
8,double_perovskites_gap,gap gllbsc,False,RbfSVR,0.46463097266176845,0.7316891603257708,0.5689053394399353,-5.662451843302634,0.7628676207920022,1.0033594722902575,0.8868488426106337,0.5361702127659574,-248.3288738227184,-0.19042448504246845,1.4415611100484371,1.3318489117037993,0.26495726495726496,-21.680784485716657,0.151649394067408,1.3459932381625854,1.2516159141962557,0.5038167938931297,9.0,1.0,1.0,1.0,5.0,5.0,4.0,8.0,3.0,2.0,3.0,9.0,1.0,1.0,9.0
0,castelli_perovskites,e_form,True,Ridge,0.33000741600519756,0.8185307471285378,0.6269596180661855,-79.40060762983948,0.8278718139226531,1.1524976258563373,0.9331627697012451,0.49677135309656584,-146.4126228072559,-0.0013044543688017097,1.1152330378910467,1.0237622344365298,0.46506165590135057,-28.720678104888474,-0.166945502608196,1.554983741380171,1.4361695911462926,0.45641838351822506,5.0,2.0,2.0,3.0,4.0,3.0,1.0,6.0,1.0,1.0,5.0,5.0,2.0,1.0,4.0
1,castelli_perovskites,e_form,True,LinearRegression,0.33121829880201326,0.8177907441381239,0.625891066843902,-64.11699280430932,0.8111419574972168,1.1514319760994,0.9276096145944299,0.4961854460093897,-145.05344229883224,-0.0008871196607046434,1.1100797708281538,1.015645568740889,0.4703464474456841,-28.39501373892527,-0.16514242583374295,1.5464409067843596,1.4249935670203524,0.45219228737453776,4.0,3.0,3.0,4.0,3.0,4.0,2.0,5.0,2.0,2.0,6.0,4.0,3.0,2.0,3.0
2,castelli_perovskites,e_form,True,LinearSVR,0.3162041649955998,0.8269194852005847,0.6197106256816773,-49.83789643921031,0.79033560684253,1.1442679226843657,0.9147024497715852,0.49897270325799825,-122.74204649508611,-0.0026006517000072096,1.0217789162123165,0.9286450475416639,0.46095126247798,-25.421420164465317,-0.15435362174515355,1.4661370684741586,1.3463522060762356,0.45113576333861594,1.0,6.0,5.0,5.0,6.0,1.0,3.0,4.0,4.0,3.0,4.0,2.0,5.0,5.0,5.0
3,castelli_perovskites,e_form,True,GradientBoosting,0.43184379944765805,0.7537613684398675,0.570081650192009,-28.417915574134025,0.7598558004097503,1.1089552659112565,0.8755251979010407,0.5347004657480243,-131.9580867610053,-0.025697250660955955,1.0591456050429167,0.9739159931259803,0.5143863769817968,-27.921534078063505,-0.24117875748167877,1.5339357108515947,1.4107024772833834,0.5026371308016878,3.0,4.0,4.0,1.0,1.0,6.0,5.0,3.0,5.0,5.0,2.0,3.0,4.0,4.0,1.0
4,castelli_perovskites,e_form,True,KNeighbors,0.32418854589925006,0.8220775231696519,0.6062265330451568,-16.182873115377745,0.6601044701069163,1.1468593229797064,0.8864071863791587,0.5091536822620466,-164.05921667277985,-0.06055755769069016,1.1800982864810274,1.0040943054316116,0.4463343108504399,-36.56656742282003,-0.23147331957972728,1.7482247021928365,1.529282830028255,0.4229559748427673,6.0,1.0,1.0,6.0,5.0,2.0,4.0,1.0,3.0,4.0,3.0,6.0,1.0,3.0,6.0
5,castelli_perovskites,e_form,True,RbfSVR,0.41510942499135184,0.7647813903388654,0.5579229180318928,-20.91458665725829,0.7385457798190515,1.0928245460394592,0.8534462132072993,0.5481220657276995,-111.42249077318701,-0.03646093983398434,0.9739236038005945,0.8543225038452736,0.48854961832061067,-25.52201618120176,-0.20231048701728185,1.4689254770836306,1.3303771263924606,0.4727945060750132,2.0,5.0,6.0,2.0,2.0,5.0,6.0,2.0,6.0,6.0,1.0,1.0,6.0,6.0,2.0
0,castelli_perovskites,e_form,False,Ridge,0.3300621829458027,0.8184972920261845,0.6269327682939336,-6.3670009276703485,0.7738353028970272,1.0079953465025995,0.9281367107076056,0.46771353096565893,-146.7200933463378,-0.0032490855339123424,1.1163954983328914,1.0245239718991215,0.25997652582159625,-28.71435207340753,-0.1685577158556429,1.5548182438170792,1.4355371577322775,0.2266244057052298,5.0,2.0,2.0,6.0,4.0,3.0,1.0,5.0,2.0,1.0,5.0,5.0,2.0,1.0,6.0
1,castelli_perovskites,e_form,False,LinearRegression,0.33243614484651773,0.8170458097031537,0.6254403421764771,-6.153325443515681,0.7707432435667889,1.0063772155471156,0.9243287446097231,0.4671972988503371,-145.3260033625721,-0.0021221871066487295,1.1111150887586991,1.0162352290187435,0.26365237815619497,-28.391517102978195,-0.1663507163620834,1.5463489268702213,1.4245329730137897,0.22979397781299524,4.0,3.0,3.0,5.0,3.0,4.0,2.0,4.0,3.0,2.0,6.0,4.0,3.0,2.0,5.0
2,castelli_perovskites,e_form,False,LinearSVR,0.3160710719943983,0.8269999564725511,0.6198171267404168,-5.858683225447237,0.7918415404856648,0.9143794363396134,0.8344759070981747,0.4768951678469211,-123.02666777799102,-0.004776728382303932,1.022953347200729,0.9293729293801307,0.27422196124486203,-25.420498811379147,-0.15584370734868358,1.466111505092612,1.3457938878482165,0.23137876386687797,1.0,6.0,5.0,4.0,5.0,2.0,3.0,3.0,5.0,5.0,4.0,2.0,5.0,5.0,4.0
3,castelli_perovskites,e_form,False,GradientBoosting,0.43161795364887123,0.7539111660873106,0.5703961453687062,-6.371733505577797,0.7757788434897753,0.9677894669237342,0.8865191532211895,0.5096154475527462,-132.51400065730667,-0.03583915129144664,1.0613575035559357,0.9751328050361776,0.31866197183098594,-27.945141506316148,-0.24550919645818556,1.5345616266573776,1.412637037790632,0.2509244585314316,3.0,4.0,4.0,2.0,1.0,6.0,5.0,6.0,4.0,3.0,2.0,3.0,4.0,4.0,2.0
4,castelli_perovskites,e_form,False,KNeighbors,0.31110102737784484,0.829999381097453,0.6120686712189954,-3.0689047043800155,0.6678415462447458,1.0098752237939428,0.8653776497864574,0.5014024660522538,-165.33183591767923,-0.06553566955762506,1.184638875451677,1.0062248948613053,0.2842907385697538,-36.429854212750186,-0.23423141406881828,1.7450407107798238,1.5259524511266904,0.23340358271865122,6.0,1.0,1.0,3.0,6.0,1.0,4.0,1.0,1.0,4.0,3.0,6.0,1.0,3.0,3.0
5,castelli_perovskites,e_form,False,RbfSVR,0.4163033239306564,0.7640004424536305,0.5567307957604057,-3.8324380168030534,0.7651914658926584,0.8821245686111828,0.7762825159591957,0.5498972703257998,-111.52919316525836,-0.04249249550152451,0.9743856791872806,0.8527010209965373,0.34938344098649443,-25.498050989674834,-0.20177862878909666,1.4682616693984734,1.3302035802766454,0.25303750660327523,2.0,5.0,6.0,1.0,2.0,5.0,6.0,2.0,6.0,6.0,1.0,1.0,6.0,6.0,1.0
0,expt_formation_enthalpy,e_form expt,True,Ridge,0.40462130593080947,0.7716078628870954,0.6148343500084879,-9.758241217711573,0.8088215580683263,1.0592575108349382,0.9646550438512804,0.541860465116279,-80.2783366234736,-0.17950783292341416,1.2562140484242101,1.1623780564305488,0.48148148148148145,-24.713760294178357,-0.05169035748355591,1.939281677506688,1.8784091118371355,0.4666666666666667,8.0,2.0,2.0,8.0,8.0,2.0,1.0,6.0,2.0,1.0,8.0,9.0,1.0,1.0,8.0
1,expt_formation_enthalpy,e_form expt,True,LinearRegression,0.42636994175373044,0.7573836928837784,0.6007563010577589,-4.242954208927703,0.7451968898412066,1.0907191356468897,0.9517502927355251,0.5604651162790698,-76.98298823000636,-0.19005532727064758,1.2304845888411151,1.1318447763390471,0.4351851851851852,-25.41912487210414,-0.16715587524313863,1.9657003387240473,1.8969909747102571,0.44166666666666665,9.0,1.0,1.0,9.0,7.0,3.0,3.0,2.0,1.0,2.0,4.0,8.0,2.0,2.0,9.0
2,expt_formation_enthalpy,e_form expt,True,LinearSVR,0.38290208648583823,0.7855557991092432,0.6106498118529178,-6.784006522007584,0.7781490388975709,1.043467950854246,0.9285147993228117,0.5465116279069767,-65.68727024641998,-0.19761910398263272,1.1378832711204006,1.0135459867840206,0.49074074074074076,-23.588330696164764,-0.1537696748237711,1.8963680137851175,1.8173902001590407,0.48333333333333334,7.0,3.0,3.0,7.0,9.0,1.0,2.0,4.0,3.0,3.0,6.0,7.0,3.0,3.0,7.0
3,expt_formation_enthalpy,e_form expt,True,GradientBoosting,0.8225533516420609,0.42124416715004986,0.31376065457970803,-8.441899221116888,0.8834460175153112,0.8337209063507265,0.7547401264903166,0.6093023255813953,-31.06745453062402,0.10780406178876928,0.789057198331305,0.7362695712418436,0.6574074074074074,-9.79108815538611,-0.04432019218547666,1.2562923607001648,1.1483731403374422,0.6916666666666667,4.0,6.0,5.0,1.0,3.0,7.0,7.0,5.0,8.0,7.0,2.0,4.0,6.0,6.0,1.0
4,expt_formation_enthalpy,e_form expt,True,ExtraTrees,0.8699728765903206,0.36059273898635197,0.25130456088492836,-11.574818624265196,0.8798760921394904,0.8242467487243346,0.7436787028068889,0.5279069767441861,-20.704786293981737,-0.046617487030080146,0.6491633598915688,0.575515971454937,0.6574074074074074,-7.679744864654449,-0.0835890613982042,1.126708520212929,0.9836614833492384,0.675,1.0,9.0,9.0,2.0,1.0,9.0,9.0,8.0,9.0,8.0,9.0,1.0,9.0,9.0,2.0
5,expt_formation_enthalpy,e_form expt,True,RandomForest,0.8411082523385146,0.398612277359197,0.28456519748697834,-13.472035666831342,0.8862018126771746,0.8530536194014265,0.7802420259752929,0.54520887166236,-24.066731576390936,0.021535835391202393,0.6976299186769908,0.6347891162719735,0.6388888888888888,-8.575943837577972,-0.07613249969194978,1.1834472201081556,1.0337140083178533,0.65,2.0,8.0,7.0,3.0,2.0,8.0,8.0,9.0,6.0,6.0,7.0,2.0,8.0,7.0,3.0
6,expt_formation_enthalpy,e_form expt,True,KNeighbors,0.729434302473134,0.520159300144548,0.3644795329816119,-10.843804754531662,0.8230845157237188,0.963070416805081,0.8606877946638497,0.5488372093023256,-35.21593781389047,0.054225290107064054,0.8385444912029445,0.7504746554610819,0.5833333333333334,-9.700924627936974,0.0366469136068905,1.2510329582375106,1.1067400310809672,0.625,3.0,7.0,6.0,4.0,4.0,6.0,6.0,7.0,4.0,4.0,5.0,5.0,5.0,5.0,5.0
7,expt_formation_enthalpy,e_form expt,True,DecisionTree,0.6832912370733955,0.5627688361366544,0.3747403285560798,-3.690170847181928,0.8170258926598356,0.851332598202378,0.7171208508306206,0.5775089605734767,-27.031987552723567,0.07003085093251649,0.7377397566614828,0.5873388088820962,0.5833333333333334,-10.09308435504783,-0.1352046532021027,1.2737501743189357,0.9900382650078728,0.6083333333333333,5.0,5.0,8.0,5.0,5.0,5.0,5.0,1.0,7.0,9.0,3.0,3.0,7.0,8.0,6.0
8,expt_formation_enthalpy,e_form expt,True,RbfSVR,0.6793564654261266,0.5662539488373334,0.4167840434088024,-5.567124108693005,0.8045197904172886,0.932308034287812,0.808904083824538,0.6093023255813954,-50.32261641692559,-0.12965392578962248,0.9982300434699681,0.8667778385560935,0.5925925925925926,-11.413254472691369,0.3170922917177779,1.3474136044134597,1.2517665981998305,0.5583333333333333,6.0,4.0,4.0,6.0,6.0,4.0,4.0,3.0,5.0,5.0,1.0,6.0,4.0,4.0,4.0
0,expt_formation_enthalpy,e_form expt,False,Ridge,0.4014299724197542,0.7736730753879482,0.6160262881859878,-33.643607760481856,0.8821666910021082,1.099701034206514,0.9946580707394824,0.4813953488372093,-80.27833662347372,-0.1795078329234143,1.2562140484242108,1.1623780564305497,0.4444444444444444,-24.71376029417838,-0.051690357483555834,1.9392816775066886,1.8784091118371364,0.21666666666666667,8.0,2.0,2.0,7.0,8.0,2.0,1.0,9.0,1.0,1.0,7.0,9.0,1.0,1.0,7.0
1,expt_formation_enthalpy,e_form expt,False,LinearRegression,0.4212252647410418,0.7607724595823367,0.6037044811786283,-19.314295723648122,0.8453899325917144,1.0884164376221992,0.9687096819926373,0.4534883720930233,-76.9829882300089,-0.19005532727064675,1.230484588841135,1.1318447763390718,0.4351851851851852,-25.419124872103836,-0.16715587524314554,1.965700338724036,1.8969909747102485,0.15833333333333333,9.0,1.0,1.0,9.0,7.0,3.0,3.0,7.0,3.0,2.0,8.0,8.0,2.0,2.0,8.0
2,expt_formation_enthalpy,e_form expt,False,LinearSVR,0.37697628241435255,0.7893185146603666,0.6137440996985273,-19.477582699363097,0.8091720617113921,1.094545046182113,0.9648908926328603,0.44651162790697674,-65.71388194751351,-0.19755968336874385,1.1381102858794045,1.0137501572515748,0.4351851851851852,-23.616788678701244,-0.1537295334936666,1.8974651033460583,1.8185416744247362,0.20833333333333334,7.0,3.0,3.0,8.0,9.0,1.0,2.0,8.0,2.0,3.0,9.0,7.0,3.0,3.0,9.0
3,expt_formation_enthalpy,e_form expt,False,GradientBoosting,0.8238834244958805,0.4196624542464092,0.3171898552692651,-15.206454690635429,0.8915430853319618,0.8808562495393596,0.7853523139110798,0.5302325581395348,-30.907673858240024,0.09923969250846312,0.7870889484022507,0.7343397980948337,0.49074074074074076,-9.83148811912783,-0.04906112636186569,1.2586418341780194,1.1500651315962158,0.475,4.0,6.0,5.0,5.0,3.0,7.0,7.0,4.0,6.0,6.0,3.0,4.0,6.0,6.0,5.0
4,expt_formation_enthalpy,e_form expt,False,ExtraTrees,0.86883990378244,0.36216031839167573,0.2540758637267277,-16.20120803492561,0.9090931317341869,0.8063094634737178,0.7202698602737756,0.48372093023255813,-21.014551656793643,-0.041199370534203375,0.653779298625074,0.5783730690086555,0.5925925925925926,-7.615147786361257,-0.05476676756123529,1.122508051073969,0.9854747547469392,0.5083333333333333,1.0,9.0,9.0,2.0,1.0,9.0,9.0,5.0,9.0,9.0,6.0,1.0,9.0,9.0,2.0
5,expt_formation_enthalpy,e_form expt,False,RandomForest,0.8345109239795443,0.4068034857525875,0.2870193347567768,-18.2589893792843,0.901461058647318,0.8495586807280715,0.7603343305858041,0.5069767441860465,-22.986812132971146,-0.002906424146626882,0.6824369120524052,0.6189849178449182,0.6018518518518519,-8.434996541119572,-0.08278068074747726,1.1747054167106725,1.032908483300029,0.525,2.0,8.0,7.0,1.0,2.0,8.0,8.0,6.0,8.0,7.0,5.0,2.0,8.0,7.0,1.0
6,expt_formation_enthalpy,e_form expt,False,KNeighbors,0.7353940063773342,0.5143986718710166,0.36511920972286566,-12.544282589723522,0.8394259136233103,0.9331901195288533,0.8084201208888622,0.5196088794926004,-35.21593781389048,0.054225290107064096,0.8385444912029445,0.7504746554610819,0.5137614678899083,-9.726112539877658,0.036469201882077,1.2525044379564778,1.1077075623133825,0.44166666666666665,3.0,7.0,6.0,6.0,4.0,6.0,6.0,3.0,5.0,5.0,4.0,5.0,5.0,5.0,4.0
7,expt_formation_enthalpy,e_form expt,False,DecisionTree,0.6831583941560617,0.5628868499476056,0.3765739959671057,-4.983087414330895,0.8364243347303624,0.868807088070924,0.7296688736003764,0.571477115854306,-28.688160075398397,0.07525984803634313,0.7592204260499341,0.590195123058509,0.5412844036697247,-10.145083946627274,-0.1418983457343213,1.2767320794609072,0.9973399440955506,0.5,5.0,5.0,8.0,3.0,5.0,5.0,5.0,1.0,7.0,8.0,1.0,3.0,7.0,8.0,3.0
8,expt_formation_enthalpy,e_form expt,False,RbfSVR,0.6745967311953617,0.570441293039554,0.41374956622621234,-11.70468370003837,0.8330392317635483,0.9449226263048336,0.8160689848638248,0.5441860465116279,-50.33245147566544,-0.12973796077269187,0.9983256853282723,0.8669026909350854,0.48148148148148145,-11.414402974184302,0.31709558828628637,1.347475935800714,1.2518362949126123,0.48333333333333334,6.0,4.0,4.0,4.0,6.0,4.0,4.0,2.0,4.0,4.0,2.0,6.0,4.0,4.0,6.0
0,expt_formation_enthalpy_kingsbury,expt_form_e,True,Ridge,0.7140004568862981,0.5347892511201977,0.39936170492062245,-2.0837070763205894,0.787037496573723,0.6470713940454274,0.5267723967454784,0.59375,-16.99216749065939,0.1558739738153534,1.3981991384674732,1.332122166430097,0.3177083333333333,-5.35392997799729,0.381345396230238,1.9677626562360184,1.828988095584108,0.3145539906103286,7.0,3.0,1.0,9.0,8.0,2.0,1.0,2.0,2.0,2.0,4.0,9.0,1.0,2.0,9.0
1,expt_formation_enthalpy_kingsbury,expt_form_e,True,LinearRegression,0.7234133043605123,0.5259151030722428,0.39008438925065947,-2.1794155536495334,0.7636092603801685,0.7215045743814151,0.5914284911070724,0.51171875,-16.688983859898986,0.24654913401728107,1.3863686540191336,1.332737100193217,0.375,-5.089292815900775,0.3431116544200766,1.926348820654165,1.7759603146140226,0.3427230046948357,4.0,6.0,5.0,7.0,7.0,3.0,3.0,3.0,1.0,1.0,9.0,8.0,2.0,1.0,7.0
2,expt_formation_enthalpy_kingsbury,expt_form_e,True,LinearSVR,0.7116315374606896,0.5369994995708193,0.39395412755884174,-1.817946913166607,0.7600907585889506,0.6172141187677651,0.49815008402215905,0.5924479166666667,-14.815217221973878,0.14594344580445318,1.3108858275858386,1.2223017313254074,0.3541666666666667,-5.322215121823643,0.357948191910727,1.9628455907824247,1.8192803110774023,0.323943661971831,6.0,4.0,2.0,8.0,9.0,1.0,2.0,1.0,4.0,5.0,5.0,6.0,4.0,4.0,8.0
3,expt_formation_enthalpy_kingsbury,expt_form_e,True,GradientBoosting,0.8718945490848928,0.3579182181939153,0.2464573275444208,-3.9483503500905277,0.847121918286704,0.5723244493650449,0.48701025068796655,0.6060949427480916,-13.65363218980912,0.1445639170903695,1.2618273333617749,1.191643953322761,0.5729166666666666,-4.826621944431633,0.14666124448207776,1.8843428417971717,1.7103221728782443,0.5352112676056338,2.0,8.0,7.0,5.0,3.0,7.0,6.0,6.0,8.0,7.0,3.0,3.0,7.0,5.0,3.0
4,expt_formation_enthalpy_kingsbury,expt_form_e,True,ExtraTrees,0.919271656655754,0.2841273364958851,0.1751812298012142,-4.661558496345993,0.8695183932381796,0.5642424660806507,0.4742880614844003,0.5638020833333333,-13.12136444037118,0.020017007499622822,1.2386985185485355,1.131051690197877,0.6197916666666666,-4.883912908772962,-0.03199956756802163,1.8935841950301966,1.6770407608391495,0.6666666666666666,3.0,7.0,8.0,1.0,1.0,9.0,9.0,8.0,9.0,8.0,8.0,2.0,8.0,8.0,1.0
5,expt_formation_enthalpy_kingsbury,expt_form_e,True,RandomForest,0.9029968900280866,0.3114532227669404,0.1958819316993607,-4.850367932664957,0.8628371518461944,0.5865241647240234,0.49501028824358323,0.5924479166666666,-13.797053073006973,0.04739405054303772,1.2679872986871086,1.1761663225088206,0.5833333333333334,-5.3123991257783105,-0.10188867729403776,1.9613212224488303,1.74267820518626,0.6150234741784038,5.0,5.0,6.0,2.0,2.0,8.0,8.0,9.0,7.0,6.0,6.0,4.0,6.0,6.0,2.0
6,expt_formation_enthalpy_kingsbury,expt_form_e,True,KNeighbors,0.8394849593625906,0.40064328352963746,0.2570018310365687,-3.432854643414813,0.8425400852077823,0.635750103755988,0.5266386686965325,0.5885416666666666,-15.796977342730415,0.007932137693982183,1.3509611365096201,1.2465052388752091,0.5625,-6.271982956443912,-0.3105337570970811,2.1051251911680975,1.8132841268703455,0.5868544600938967,8.0,2.0,4.0,3.0,5.0,5.0,5.0,5.0,3.0,3.0,7.0,7.0,3.0,3.0,4.0
7,expt_formation_enthalpy_kingsbury,expt_form_e,True,DecisionTree,0.8505525566446973,0.38658432890548305,0.22970915258574756,-2.4590571542390345,0.8039662318592269,0.6007437209117884,0.4691695290542743,0.6359983766233765,-13.917270167126158,0.04815107790927421,1.2731276935699845,1.0762718125965505,0.5208333333333334,-6.292668003998092,-0.15904119621135648,2.1081170637706093,1.8174820811559822,0.568075117370892,9.0,1.0,3.0,4.0,4.0,6.0,7.0,4.0,5.0,9.0,1.0,5.0,5.0,9.0,5.0
8,expt_formation_enthalpy_kingsbury,expt_form_e,True,RbfSVR,0.8253225408978171,0.4179443253618632,0.29192922987054054,-4.070333277200275,0.8538653590877908,0.5985513519549986,0.5026887523325639,0.6080729166666667,-12.368237723652028,0.2209149795596951,1.2052145538921428,1.1319736165579666,0.4791666666666667,-4.1650457888207,0.3590365574128944,1.77414286954762,1.613532386238893,0.5023474178403756,1.0,9.0,9.0,6.0,6.0,4.0,4.0,7.0,6.0,4.0,2.0,1.0,9.0,7.0,6.0
0,expt_formation_enthalpy_kingsbury,expt_form_e,False,Ridge,0.7140945678627405,0.5347012550361739,0.40033732612425055,-42.94847365976683,0.926387957898678,0.9459205389309562,0.7515168158318478,0.5130208333333334,-16.9921674906594,0.15587397381535312,1.3981991384674737,1.3321221664300975,0.6614583333333334,-5.353929977997292,0.3813453962302369,1.9677626562360186,1.8289880955841082,0.6995305164319249,7.0,3.0,1.0,1.0,8.0,2.0,1.0,9.0,6.0,2.0,8.0,9.0,1.0,2.0,5.0
1,expt_formation_enthalpy_kingsbury,expt_form_e,False,LinearRegression,0.7251482661433808,0.5242630388045862,0.3892036452161991,-41.587187500954954,0.9194018301827995,0.980705235198665,0.76768089961902,0.5182291666666666,-16.688983859898965,0.24654913401728065,1.386368654019133,1.332737100193216,0.671875,-5.089292815900786,0.3431116544200762,1.9263488206541668,1.7759603146140246,0.6713615023474179,4.0,6.0,5.0,5.0,7.0,3.0,3.0,8.0,1.0,1.0,7.0,8.0,2.0,1.0,2.0
2,expt_formation_enthalpy_kingsbury,expt_form_e,False,LinearSVR,0.7088948810447333,0.5395415822300138,0.39549304875580343,-27.689714990659894,0.91349770595705,0.908794179064168,0.7185344783700751,0.5364583333333334,-14.824268165463476,0.146131884532333,1.311260879548009,1.2229050164240076,0.640625,-5.325765721627937,0.35784263949516243,1.9633966872582662,1.8198632747195012,0.6901408450704225,6.0,4.0,2.0,2.0,9.0,1.0,2.0,6.0,8.0,3.0,6.0,6.0,4.0,4.0,7.0
3,expt_formation_enthalpy_kingsbury,expt_form_e,False,GradientBoosting,0.8691360448661328,0.36175123376965446,0.24932161895346666,-20.116083659545346,0.8873935887317832,0.949022661098547,0.7040647518123772,0.6015625,-13.618775440945893,0.14925356565682574,1.2603256788614887,1.1908988690147255,0.6666666666666666,-4.828254389393478,0.1404635544995992,1.8846067915249216,1.7099671792042852,0.6901408450704225,2.0,8.0,7.0,3.0,3.0,7.0,6.0,5.0,5.0,4.0,1.0,4.0,6.0,5.0,3.0
4,expt_formation_enthalpy_kingsbury,expt_form_e,False,ExtraTrees,0.9165963878905063,0.288796835352283,0.17718917005781729,-15.714130918731847,0.8378345535189198,0.9629684643872094,0.6898206327814534,0.5130208333333333,-12.906733940811051,0.007049188858597379,1.2292489910550415,1.1215746944144116,0.6666666666666666,-4.8972884085681745,-0.010902412703226548,1.8957352514652686,1.6796675750720147,0.596244131455399,3.0,7.0,8.0,6.0,1.0,9.0,9.0,2.0,3.0,7.0,9.0,2.0,8.0,8.0,4.0
5,expt_formation_enthalpy_kingsbury,expt_form_e,False,RandomForest,0.9038178325196653,0.3101324998776083,0.19664092548914933,-17.529692987892645,0.8736407898588583,0.9425258123633543,0.6907490409710485,0.5455729166666666,-13.97300438061139,0.05610326952017736,1.2755038192236672,1.1793781765259606,0.6354166666666666,-5.097522314870366,-0.051654156200566945,1.9276500828494367,1.7179780831768254,0.596244131455399,5.0,5.0,6.0,7.0,2.0,8.0,8.0,3.0,7.0,6.0,5.0,5.0,5.0,6.0,8.0
6,expt_formation_enthalpy_kingsbury,expt_form_e,False,KNeighbors,0.841391221284554,0.3982571766025641,0.25499258680848375,-18.79524955959109,0.8710414954477912,0.9521663892789546,0.6995590108858222,0.554441424208866,-15.796977342730415,0.007932137693982183,1.3509611365096201,1.2465052388752091,0.6302083333333334,-6.272210777920378,-0.310603843371453,2.10515816628478,1.8133120955738808,0.5868544600938967,9.0,1.0,3.0,8.0,4.0,6.0,5.0,4.0,4.0,5.0,4.0,7.0,3.0,3.0,9.0
7,expt_formation_enthalpy_kingsbury,expt_form_e,False,DecisionTree,0.8300578940152974,0.4122403497775329,0.24552694114768278,-5.971273893511004,0.7671831420552845,0.9661617212462714,0.6824259785464998,0.5558141731433506,-13.347556570415213,0.0881768071420222,1.2485796733544554,1.0496415400225738,0.6770833333333334,-6.1120131409118885,-0.15313997310893585,2.081842054639522,1.7955607959259763,0.4647887323943662,8.0,2.0,4.0,9.0,5.0,5.0,7.0,1.0,2.0,8.0,3.0,3.0,7.0,9.0,1.0
8,expt_formation_enthalpy_kingsbury,expt_form_e,False,RbfSVR,0.8216608443650377,0.4223022088918815,0.293413080905005,-36.11574353802009,0.9206566950735737,0.8759238064201669,0.6761331488094756,0.6002604166666666,-12.371480804572412,0.22090299618799308,1.2053607351383573,1.1321361605291933,0.65625,-4.165788192918283,0.35892988704535506,1.7742703692507638,1.6136604667613823,0.6854460093896714,1.0,9.0,9.0,4.0,6.0,4.0,4.0,7.0,9.0,9.0,2.0,1.0,9.0,7.0,6.0
0,wolverton_oxides,e_form,True,Ridge,0.480174613102205,0.7209891725246608,0.5584269363138554,-14.338865812348914,0.8382111511983057,0.9712429162837756,0.840311956808849,0.5929947337474755,-82.45301268560203,0.06977312486067176,0.9460598955469082,0.8615607223509794,0.46153846153846156,-17.258399910619804,0.13232294035131462,1.1913198943691,1.1188467187559175,0.4786150712830957,7.0,1.0,1.0,5.0,6.0,2.0,1.0,7.0,1.0,1.0,5.0,7.0,1.0,1.0,6.0
1,wolverton_oxides,e_form,True,LinearRegression,0.4938782172207282,0.7114223659537784,0.5491296339308391,-10.414704430881908,0.8336021730440708,0.9540330354534136,0.8197637032368458,0.598125584569883,-79.60597081976586,0.043043873466192185,0.9297822037624763,0.8385735161542901,0.4751131221719457,-15.897910489734187,0.14938145268007,1.1460763201947253,1.0716950896107134,0.47058823529411764,5.0,3.0,3.0,7.0,4.0,4.0,3.0,4.0,3.0,3.0,4.0,6.0,2.0,2.0,4.0
2,wolverton_oxides,e_form,True,LinearSVR,0.4497120697036965,0.741813945876123,0.549388576436315,-9.206374040984027,0.8161236033633392,0.9647363899643957,0.821076244661764,0.592090395480226,-59.8628353139818,0.08829854067934921,0.8079299598743831,0.7383511126172964,0.47058823529411764,-13.776370718496933,0.1889728152922833,1.0717189895797252,1.0100663347396828,0.4745417515274949,3.0,5.0,4.0,6.0,7.0,1.0,2.0,2.0,2.0,2.0,6.0,2.0,6.0,6.0,5.0
3,wolverton_oxides,e_form,True,GradientBoosting,0.6271637687002523,0.6106031700701755,0.466656858335702,-12.772540579347165,0.8643912704177572,0.8908965732782547,0.7678930609832662,0.6274759056164838,-62.931900860589145,0.06745172948040629,0.828049752309853,0.7796741354644547,0.5485327313769752,-12.639947576630497,0.0970032334784601,1.0296826318228913,0.9696533716037502,0.5519348268839104,2.0,6.0,6.0,1.0,1.0,7.0,6.0,6.0,6.0,5.0,2.0,3.0,5.0,4.0,1.0
4,wolverton_oxides,e_form,True,RandomForest,0.48264583592024735,0.7192733583831342,0.5219611444301515,-9.958402510675384,0.8416093693283417,0.8911947014054316,0.7551900498051999,0.6003406447324693,-73.49242154238107,-0.006583682412623441,0.893827411016873,0.7781061229036556,0.45146726862302483,-14.764355863858885,-0.14958590445706318,1.1069682171979445,0.9927186696526032,0.48577235772357724,4.0,4.0,5.0,4.0,5.0,3.0,4.0,3.0,5.0,6.0,3.0,4.0,4.0,5.0,7.0
5,wolverton_oxides,e_form,True,KNeighbors,0.589116678815737,0.6410018105935918,0.47478037549872126,-10.579141999193313,0.8328737994809405,0.9310342112432594,0.7934102881682339,0.5646562718401036,-79.36080659298449,0.011255438759588097,0.9283671539551699,0.8147391406631258,0.5203619909502263,-17.217811640048723,-0.0931314225787839,1.1899950105683144,1.073851811289431,0.5519348268839104,6.0,2.0,2.0,2.0,3.0,5.0,5.0,5.0,4.0,4.0,7.0,5.0,3.0,3.0,2.0
6,wolverton_oxides,e_form,True,RbfSVR,0.5917950722532147,0.6389091701852347,0.46160917414817526,-8.371825500608212,0.8356140084329222,0.884532163804326,0.7442330660930946,0.6399033668226091,-51.25017046932124,0.0862155056198941,0.7485856174686671,0.6938174121783561,0.5067873303167421,-9.148206254071933,0.16011719798252058,0.8881609600113562,0.8274718886154697,0.5254582484725051,1.0,7.0,7.0,3.0,2.0,6.0,7.0,1.0,7.0,7.0,1.0,1.0,7.0,7.0,3.0
0,wolverton_oxides,e_form,False,Ridge,0.48022121093481485,0.7209568565907292,0.5584166954966211,-10.968288373720402,0.8867013814787461,0.9718764965455845,0.9161420434814611,0.5172437814760846,-82.45301268560235,0.06977312486067126,0.94605989554691,0.861560722350981,0.3733031674208145,-17.258399910619797,0.13232294035131495,1.1913198943690995,1.1188467187559172,0.3319755600814664,8.0,1.0,1.0,4.0,6.0,3.0,2.0,8.0,2.0,1.0,6.0,7.0,2.0,1.0,3.0
1,wolverton_oxides,e_form,False,LinearRegression,0.49494816797677077,0.710669988126155,0.5485184658901608,-8.364248209461895,0.8694356026577419,0.9426677915468731,0.8749750802964179,0.525572856763691,-78.72363715563178,0.03860491814789833,0.9246793837122257,0.8330941609506702,0.3733031674208145,-16.160780729179756,0.15187125330439247,1.1549563150871638,1.081281711301141,0.3225152129817444,5.0,4.0,2.0,6.0,4.0,5.0,4.0,6.0,5.0,2.0,5.0,5.0,4.0,2.0,4.0
2,wolverton_oxides,e_form,False,LinearSVR,0.4512144888005648,0.7408005880123444,0.548570770847226,-9.691936093689753,0.9051289698275774,0.8551299906551231,0.8029025470821518,0.5322033898305085,-59.865581859326916,0.08847295906682626,0.8079481893178958,0.738414829782944,0.36199095022624433,-13.76603512898274,0.18911265194390905,1.0713441077696697,1.009717585262829,0.34012219959266804,3.0,6.0,5.0,3.0,7.0,2.0,3.0,7.0,7.0,7.0,4.0,2.0,7.0,7.0,6.0
3,wolverton_oxides,e_form,False,GradientBoosting,0.6239536185159303,0.6132262074341488,0.4675676476511614,-7.878175188325139,0.874826710781442,0.9168910792551607,0.8494944781645095,0.5632488279215142,-62.9458612622215,0.06678468983606986,0.8281401553477833,0.7799720336691737,0.41855203619909503,-12.639947576630497,0.09700323347846014,1.0296826318228913,0.9696533716037502,0.38085539714867617,2.0,7.0,7.0,2.0,1.0,8.0,7.0,5.0,6.0,6.0,2.0,3.0,6.0,6.0,2.0
4,wolverton_oxides,e_form,False,ExtraTrees,0.30632723958678687,0.8328701942158893,0.5895568580295012,-3.2222529265991735,0.7737728856199667,0.9886921725588126,0.8513971778121291,0.5157809260186103,-82.86980667811692,0.004932119221104006,0.9484194327302666,0.7848907728610879,0.32805429864253394,-16.578502987420375,-0.1687055910276062,1.168928588517822,1.0226116457999253,0.2804878048780488,6.0,3.0,4.0,8.0,8.0,1.0,1.0,1.0,1.0,5.0,7.0,8.0,1.0,4.0,8.0
5,wolverton_oxides,e_form,False,RandomForest,0.4848865032832006,0.7177140772736726,0.5232174284101156,-4.719032088518927,0.8191114739008828,0.9583752747613564,0.8541480408965036,0.4991672418641512,-73.89571711461132,-0.0015761403771262492,0.8962436974566503,0.781464306871599,0.3544018058690745,-14.683648853022559,-0.15333933681356185,1.1041309704229452,0.988649309949492,0.3014256619144603,4.0,5.0,6.0,7.0,5.0,4.0,5.0,3.0,4.0,4.0,8.0,4.0,5.0,5.0,7.0
6,wolverton_oxides,e_form,False,KNeighbors,0.5925673046361842,0.6383045475036315,0.47473538349267014,-4.594478653110155,0.8142567161627843,0.9649158124741162,0.8602296209738868,0.5369432527151872,-79.35464226273177,0.007782608773625244,0.9283315466005075,0.8145060707110193,0.3665158371040724,-17.211435033427545,-0.096862356614558,1.1897867310468793,1.073021350200673,0.3252032520325203,7.0,2.0,3.0,5.0,2.0,7.0,6.0,2.0,3.0,3.0,3.0,6.0,3.0,3.0,5.0
7,wolverton_oxides,e_form,False,RbfSVR,0.5894372570060186,0.6407517015146986,0.461913143862779,-7.483154129843713,0.8940918237599509,0.8145986303637953,0.752119654435959,0.585972850678733,-51.255683960159736,0.08624590817423348,0.7486251121825855,0.6938621854964906,0.4276018099547511,-9.149400346020439,0.15996842722687113,0.8882132113466782,0.827505689364098,0.49490835030549896,1.0,8.0,8.0,1.0,3.0,6.0,8.0,4.0,8.0,8.0,1.0,1.0,8.0,8.0,1.0
